{"numba": {"fit": [0.2316290260000642, 0.22498873199992886, 0.23860266500014404], "fit_median": 0.2316290260000642, "transform": [0.2416371250001248, 0.2501555349999762, 0.2527946609998253], "transform_median": 0.2501555349999762}, "python": {"fit": [0.29144273199972304, 0.26222569199990176, 0.2529890539999542], "fit_median": 0.26222569199990176, "transform": [0.25165371699995376, 0.26728567400004977, 0.24650571299980584], "transform_median": 0.25165371699995376}}
