{"numba": {"fit": [0.15324516600003335, 0.1441329740000583, 0.12470603800011304], "fit_median": 0.1441329740000583, "transform": [0.15076924899994992, 0.15083160599988332, 0.15361501500001395], "transform_median": 0.15083160599988332}, "python": {"fit": [0.158129001999896, 0.1520991369998228, 0.15389812699959293], "fit_median": 0.15389812699959293, "transform": [0.16264322100005302, 0.15991198399979112, 0.16770104700026423], "transform_median": 0.16264322100005302}}
